[{
  "_id": {
    "$oid": "5fd33571c3fc161d6cf8df5f"
  },
  "transactionRulesBroken": [
    {
      "relation": "Is Greater Than",
      "typeItem": "Deposit",
      "limit": 10
    },
    {
      "relation": "Out of state",
      "typeItem": "",
      "limit": "Kansas"
    },
    {
      "relation": "Between time",
      "typeItem": "",
      "limit": "00:00 23:59"
    }
  ],
  "processingDate": {
    "$date": "2020-12-11T09:01:37.510Z"
  },
  "typeOfTransaction": "cr",
  "vendor": "Apple",
  "transactionAmount": 500,
  "description": "Phone",
  "username": "Jumbo12",
  "state": "Montana",
  "startingBalance": 11723,
  "endingBalance": 12223,
  "__v": 0
},{
  "_id": {
    "$oid": "5fd39dc6321c1307989dc818"
  },
  "transactionRulesBroken": [
    {
      "relation": "Equals",
      "typeItem": "Deposit",
      "limit": 10
    },
    {
      "relation": "Between time",
      "typeItem": "",
      "limit": "00:00 23:59"
    }
  ],
  "processingDate": {
    "$date": "2020-12-11T16:26:46.911Z"
  },
  "typeOfTransaction": "cr",
  "vendor": "happy",
  "transactionAmount": 10,
  "description": "asdfas",
  "username": "Jumbo12",
  "state": "Kansas",
  "startingBalance": 12223,
  "endingBalance": 12233,
  "__v": 0
},{
  "_id": {
    "$oid": "5fd39f3c321c1307989dc819"
  },
  "transactionRulesBroken": [
    {
      "relation": "Is Greater Than",
      "typeItem": "Deposit",
      "limit": 10
    },
    {
      "relation": "Between time",
      "typeItem": "",
      "limit": "00:00 23:59"
    }
  ],
  "processingDate": {
    "$date": "2020-12-11T16:33:00.091Z"
  },
  "typeOfTransaction": "cr",
  "vendor": "123",
  "transactionAmount": 123,
  "description": "hi",
  "username": "Jumbo12",
  "state": "Kansas",
  "startingBalance": 12233,
  "endingBalance": 12356,
  "__v": 0
},{
  "_id": {
    "$oid": "5fd3ae3f321c1307989dc81a"
  },
  "transactionRulesBroken": [
    {
      "relation": "Out of state",
      "typeItem": "",
      "limit": null
    }
  ],
  "processingDate": {
    "$date": "2020-12-11T17:37:03.225Z"
  },
  "typeOfTransaction": "cr",
  "vendor": "happy",
  "transactionAmount": 100,
  "description": "D",
  "username": "Jumbo12",
  "state": "Kansas",
  "startingBalance": 12356,
  "endingBalance": 12456,
  "__v": 0
},{
  "_id": {
    "$oid": "5fd3aea8321c1307989dc81b"
  },
  "transactionRulesBroken": [
    {
      "relation": "Out of state",
      "typeItem": "",
      "limit": null
    }
  ],
  "processingDate": {
    "$date": "2020-12-11T17:38:48.848Z"
  },
  "typeOfTransaction": "cr",
  "vendor": "my awesome place",
  "transactionAmount": 100,
  "description": "sf",
  "username": "Jumbo12",
  "state": "Kansas",
  "startingBalance": 12456,
  "endingBalance": 12556,
  "__v": 0
},{
  "_id": {
    "$oid": "5fd3b0006f866e69c8de4fd5"
  },
  "transactionRulesBroken": [],
  "processingDate": {
    "$date": "2020-12-11T17:44:32.628Z"
  },
  "typeOfTransaction": "cr",
  "vendor": "happy times test",
  "transactionAmount": 1000,
  "description": "asdfasdfasdf",
  "username": "Jumbo12",
  "state": "Kansas",
  "startingBalance": 12556,
  "endingBalance": 13556,
  "__v": 0
},{
  "_id": {
    "$oid": "5fd3b08c6f866e69c8de4fd6"
  },
  "transactionRulesBroken": [
    {
      "relation": "Is Greater Than",
      "typeItem": "Withdrawal",
      "limit": 100
    }
  ],
  "processingDate": {
    "$date": "2020-12-11T17:46:52.208Z"
  },
  "typeOfTransaction": "dr",
  "vendor": "happy",
  "transactionAmount": 101,
  "description": "we",
  "username": "Jumbo12",
  "state": "Kansas",
  "startingBalance": 13556,
  "endingBalance": 13455,
  "__v": 0
},{
  "_id": {
    "$oid": "5fd3b0ae6f866e69c8de4fd7"
  },
  "transactionRulesBroken": [],
  "processingDate": {
    "$date": "2020-12-11T17:47:26.941Z"
  },
  "typeOfTransaction": "dr",
  "vendor": "happy",
  "transactionAmount": 101,
  "description": "test 5",
  "username": "Jumbo12",
  "state": "Kansas",
  "startingBalance": 13354,
  "endingBalance": 13253,
  "__v": 0
},{
  "_id": {
    "$oid": "5fd411336f866e69c8de4fd8"
  },
  "transactionRulesBroken": [
    {
      "relation": "Out of state",
      "typeItem": "",
      "limit": "Kansas"
    }
  ],
  "processingDate": {
    "$date": "2020-12-12T00:39:15.153Z"
  },
  "typeOfTransaction": "cr",
  "vendor": "happy",
  "transactionAmount": 12341234,
  "description": "234",
  "username": "Jumbo12",
  "state": "Texas",
  "startingBalance": 13354,
  "endingBalance": 12354588,
  "__v": 0
},{
  "_id": {
    "$oid": "5fd4140b109dc877584a1be4"
  },
  "transactionRulesBroken": [],
  "processingDate": {
    "$date": "2020-12-12T00:51:23.402Z"
  },
  "typeOfTransaction": "cr",
  "vendor": "happy",
  "transactionAmount": 10,
  "description": "deposit",
  "username": "Jumbo12",
  "state": "Kansas",
  "startingBalance": 12354588,
  "endingBalance": 12354598,
  "__v": 0
},{
  "_id": {
    "$oid": "5fd41430109dc877584a1be5"
  },
  "transactionRulesBroken": [
    {
      "relation": "Is Greater Than",
      "typeItem": "Deposit",
      "limit": 2000
    }
  ],
  "processingDate": {
    "$date": "2020-12-12T00:52:00.162Z"
  },
  "typeOfTransaction": "cr",
  "vendor": "happy Town",
  "transactionAmount": 2020,
  "description": "deposit from work",
  "username": "Jumbo12",
  "state": "Kansas",
  "startingBalance": 12356618,
  "endingBalance": 12358638,
  "__v": 0
},{
  "_id": {
    "$oid": "5fd416c2d57dd239680c7ea0"
  },
  "transactionRulesBroken": [
    {
      "relation": "Is Greater Than",
      "typeItem": "Deposit",
      "limit": 2000
    }
  ],
  "processingDate": {
    "$date": "2020-12-12T01:02:58.657Z"
  },
  "typeOfTransaction": "cr",
  "vendor": "ABC",
  "transactionAmount": 2500,
  "description": "def",
  "username": "Jumbo12",
  "state": "Kansas",
  "startingBalance": 12356618,
  "endingBalance": 12359118,
  "__v": 0
},{
  "_id": {
    "$oid": "5fd41df6d57dd239680c7ea4"
  },
  "transactionRulesBroken": [
    {
      "relation": "Is Greater Than",
      "typeItem": "Withdrawal",
      "limit": 5
    }
  ],
  "processingDate": {
    "$date": "2020-12-12T01:33:42.933Z"
  },
  "typeOfTransaction": "dr",
  "vendor": "Pizza",
  "transactionAmount": 10,
  "description": "food",
  "username": "Jumbo12",
  "state": "Kansas",
  "startingBalance": 12359118,
  "endingBalance": 12359108,
  "__v": 0
}]