[{
  "_id": {
    "$oid": "5f92aee6e193421ce422926b"
  },
  "username": "g3s33sssss24",
  "password": "8",
  "account": [
    {
      "balance": 0,
      "_id": {
        "$oid": "5f92aee6e193421ce422926c"
      }
    }
  ],
  "__v": 0
},{
  "_id": {
    "$oid": "5f92af27e193421ce4229273"
  },
  "username": "bob",
  "password": "xs8",
  "account": [
    {
      "balance": 0,
      "_id": {
        "$oid": "5f92af27e193421ce4229274"
      }
    }
  ],
  "__v": 0
},{
  "_id": {
    "$oid": "5f92b4ace096e430106a3679"
  },
  "username": "Lilpeep",
  "password": "Password1!",
  "account": [
    {
      "balance": 0,
      "_id": {
        "$oid": "5f92b4ace096e430106a367a"
      }
    }
  ],
  "__v": 0
},{
  "_id": {
    "$oid": "5f9aa72e186f903f04e5300c"
  },
  "username": "Pepo",
  "password": "Hotdog123!",
  "account": [
    {
      "balance": 0,
      "_id": {
        "$oid": "5f9aa72e186f903f04e5300d"
      }
    }
  ],
  "__v": 0
},{
  "_id": {
    "$oid": "5f9aa932cfbf8b4944ad84ef"
  },
  "account": {
    "balance": 0
  },
  "username": "FrankTimmy",
  "password": "Password1!",
  "__v": 0
},{
  "_id": {
    "$oid": "5f9aaa8ab475e346408cad44"
  },
  "account": {
    "transactionRules": {
      "overAmount": 0
    },
    "balance": 0
  },
  "username": "Mike1",
  "password": "Peecopter1!",
  "__v": 0
},{
  "_id": {
    "$oid": "5f9aaca58c890745d8c2494c"
  },
  "account": {
    "transactionRules": {
      "overAmount": 0,
      "atVendor": []
    },
    "balance": 0
  },
  "username": "Mike11",
  "password": "Peecopter1!",
  "__v": 0
},{
  "_id": {
    "$oid": "5f9aace48c890745d8c2494e"
  },
  "account": {
    "transactionRules": {
      "overAmount": 0,
      "atVendor": []
    },
    "balance": 0
  },
  "username": "Mike112",
  "password": "Peecopter1!",
  "__v": 0
},{
  "_id": {
    "$oid": "5f9aacf08c890745d8c24950"
  },
  "account": {
    "transactionRules": {
      "overAmount": 0,
      "atVendor": []
    },
    "balance": 0
  },
  "username": "Mike1112",
  "password": "Peecopter1!",
  "__v": 0
},{
  "_id": {
    "$oid": "5f9aacfd8c890745d8c24951"
  },
  "account": {
    "transactionRules": {
      "overAmount": 0,
      "atVendor": []
    },
    "balance": 0
  },
  "username": "Mike11112",
  "password": "Peecopter1!",
  "__v": 0
},{
  "_id": {
    "$oid": "5f9aad16f9d52c1c50d6a1c2"
  },
  "account": {
    "transactionRules": {
      "atVendor": []
    },
    "balance": 0
  },
  "username": "Mike1144112",
  "password": "Peecopter1!",
  "__v": 0
},{
  "_id": {
    "$oid": "5f9aad2bf9d52c1c50d6a1c3"
  },
  "account": {
    "transactionRules": {
      "atVendor": []
    },
    "balance": 0
  },
  "username": "Mike11442112",
  "password": "Peecopter1!",
  "__v": 0
},{
  "_id": {
    "$oid": "5f9aad49f9d52c1c50d6a1c4"
  },
  "account": {
    "transactionRules": {
      "atVendor": []
    },
    "balance": 0
  },
  "username": "BillThornton51",
  "password": "Peecopter1!",
  "__v": 0
},{
  "_id": {
    "$oid": "5f9aadde65e3e01474aee5fa"
  },
  "account": {
    "transactionRules": {
      "atVendor": [
        "Pizzapalace",
        "Gamestop",
        "Arkansas"
      ],
      "overAmount": 50000,
      "withinState": "Texas"
    },
    "balance": 50
  },
  "username": "Jakey22",
  "password": "Peecopter1!",
  "__v": 0
},{
  "_id": {
    "$oid": "5f9aae2665e3e01474aee5fb"
  },
  "username": "Jumbo12",
  "password": "Peecopter1!",
  "__v": 0,
  "account": {
    "notificationRules": [
      {
        "overUnderSame": "Is Greater Than",
        "typeItem": "Deposit",
        "transAmount": 2000
      },
      {
        "overUnderSame": "Is Greater Than",
        "typeItem": "Withdrawal",
        "transAmount": 5
      }
    ],
    "balance": 12359108,
    "withinStateRule": "California",
    "betweenTimeRule": {
      "fromTime": "20:34",
      "toTime": "10:37"
    }
  }
},{
  "_id": {
    "$oid": "5fab0c7737347a40c471e9d9"
  },
  "account": {
    "transactionRules": {
      "withinState": [],
      "atVendor": []
    },
    "balance": 0
  },
  "username": "PizzaFace222",
  "password": "Pizzapie1!",
  "__v": 0
},{
  "_id": {
    "$oid": "5fb0560b9159ef0dc05ceffe"
  },
  "account": {
    "transactionRules": {
      "withinState": [],
      "atVendor": []
    },
    "balance": 0
  },
  "username": "Jumbo4000",
  "password": "Timmytongo1!",
  "__v": 0
},{
  "_id": {
    "$oid": "5fb05aa0bae2181ddcff3e25"
  },
  "account": {
    "transactionRules": {
      "withinState": [],
      "atVendor": []
    },
    "balance": 0
  },
  "username": "Timmychongo",
  "password": "Hotdog69!",
  "__v": 0
},{
  "_id": {
    "$oid": "5fb05b04bae2181ddcff3e26"
  },
  "account": {
    "transactionRules": {
      "withinState": [],
      "atVendor": []
    },
    "balance": 0
  },
  "username": "Timmychongo1",
  "password": "Hotdog69!",
  "__v": 0
},{
  "_id": {
    "$oid": "5fb05b45bae2181ddcff3e27"
  },
  "account": {
    "transactionRules": {
      "withinState": [],
      "atVendor": []
    },
    "balance": 0
  },
  "username": "Baylorp",
  "password": "Hotdog11!",
  "__v": 0
},{
  "_id": {
    "$oid": "5fb0629a1c0c950fcc8b1331"
  },
  "account": {
    "transactionRules": {
      "withinState": [],
      "atVendor": []
    },
    "balance": 0
  },
  "username": "Pizzatime",
  "password": "Hotdog69!",
  "__v": 0
},{
  "_id": {
    "$oid": "5fb2f98a941d27258881b553"
  },
  "account": {
    "transactionRules": {
      "withinState": [],
      "atVendor": []
    },
    "balance": 0
  },
  "username": "BobbyAlan",
  "password": "Hotdog69!",
  "__v": 0
},{
  "_id": {
    "$oid": "5fb303e8941d27258881b554"
  },
  "account": {
    "transactionRules": {
      "withinState": [],
      "atVendor": []
    },
    "balance": 0
  },
  "username": "Bobbyhill",
  "password": "Pizzaboy22!",
  "__v": 0
},{
  "_id": {
    "$oid": "5fb31b33c734b50d580f3ba1"
  },
  "account": {
    "transactionRules": {
      "withinState": [],
      "atVendor": []
    },
    "balance": 0
  },
  "username": "Scottyjoe",
  "password": "Password1!",
  "__v": 0
},{
  "_id": {
    "$oid": "5fb31b77c734b50d580f3ba3"
  },
  "account": {
    "transactionRules": {
      "withinState": [],
      "atVendor": []
    },
    "balance": 0
  },
  "username": "Scottyjoe1",
  "password": "Password!1",
  "__v": 0
},{
  "_id": {
    "$oid": "5fb3355386dfe00076f9258a"
  },
  "account": {
    "transactionRules": {
      "withinState": [],
      "atVendor": []
    },
    "balance": 0
  },
  "username": "jimmyjam",
  "password": "Fall2020!",
  "__v": 0
},{
  "_id": {
    "$oid": "5fc9994d4651f46bec66a8e6"
  },
  "account": {
    "transactionRules": {
      "withinState": [],
      "atVendor": []
    },
    "balance": 0,
    "notificationRules": []
  },
  "username": "JosiahConely",
  "password": "Abcdef1!",
  "__v": 0
},{
  "_id": {
    "$oid": "5fd417bcd57dd239680c7ea3"
  },
  "account": {
    "transactionRules": {
      "withinState": [],
      "atVendor": []
    },
    "balance": 0,
    "notificationRules": []
  },
  "username": "jimmyjam2",
  "password": "ABC123def!",
  "__v": 0
},{
  "_id": {
    "$oid": "5fd41e90d57dd239680c7ea5"
  },
  "account": {
    "transactionRules": {
      "withinState": [],
      "atVendor": []
    },
    "balance": 0,
    "notificationRules": []
  },
  "username": "atlas123",
  "password": "ABC123efg!",
  "__v": 0
}]